{
"lengthUnit": "mil",
"remark": [],
"components": {
	"fields": ["COMPONENT_NO", "COMPONENT_NAME", "LAYER", "X_COORDINATE", "Y_COORDINATE", "ANGLE"],
	"rows": [
		[1, "C1", "T", 2680, -2285, 0],
		[2, "LED4", "T", 3120, -2785, 0],
		[3, "LED5", "T", 2262.297, -2792.1543, 0],
		[4, "LED6", "T", 2680, -2790, 0],
		[5, "R1", "T", 3120, -2525, 0],
		[6, "R2", "T", 2670, -2520, 0],
		[7, "R3", "T", 2227.531, -2519.8553, 0],
		[8, "U1", "T", 2700, -2070, 0],
		[9, "U2", "T", 2655, -3470, 0],
		[10, "PAD1", "T", 2707.56, -2285, 0],
		[11, "PAD2", "T", 2652.44, -2285, 0],
		[12, "PAD3", "T", 3078.65, -2785, 0],
		[13, "PAD4", "T", 3161.35, -2785, 0],
		[14, "PAD5", "T", 3149.66, -2525, 0],
		[15, "PAD6", "T", 3090.34, -2525, 0],
		[16, "PAD7", "T", 2676.38, -2070, 0],
		[17, "PAD8", "T", 2680.32, -2044.41, 0],
		[18, "PAD9", "T", 2700, -2044.41, 0],
		[19, "PAD10", "T", 2700, -2095.59, 0],
		[20, "PAD11", "T", 2680.32, -2095.59, 0],
		[21, "PAD12", "T", 2630, -2945, 0],
		[22, "PAD13", "T", 2680, -3095, 0],
		[23, "PAD13", "B", 2680, -3095, 0],
		[24, "PAD14", "T", 2220.947, -2792.1543, 0],
		[25, "PAD15", "T", 2303.647, -2792.1543, 0],
		[26, "PAD16", "T", 2638.65, -2790, 0],
		[27, "PAD17", "T", 2721.35, -2790, 0],
		[28, "PAD18", "T", 2699.66, -2520, 0],
		[29, "PAD19", "T", 2640.34, -2520, 0],
		[30, "PAD20", "T", 2257.191, -2519.8553, 0],
		[31, "PAD21", "T", 2197.871, -2519.8553, 0]
	]
},
"pins": {
	"fields": ["PIN_NO", "PIN_NAME", "PIN_X", "PIN_Y", "LAYER", "PIN_TYPE", "NET_NAME", "NET_TYPE", "PAD_SHAPE", "PAD_SIZEX", "PAD_SIZEY", "HOLE_SIZE", "HOLE_LEN", "PAD_ANGLE"],
	"rows": [
		[1, "C1_1", 2652.44, -2285, "T", "SMD", "GND", "GND", "R", 31.496, 35.433, 0, 0, 0],
		[2, "C1_2", 2707.56, -2285, "T", "SMD", "$1N423", "", "R", 31.496, 35.433, 0, 0, 0],
		[3, "LED4_1", 3161.35, -2785, "T", "SMD", "$1N423", "", "R", 39.37, 55.1, 0, 0, 180],
		[4, "LED4_2", 3078.65, -2785, "T", "SMD", "$1N551", "", "R", 39.37, 55.1, 0, 0, 180],
		[5, "LED5_1", 2303.647, -2792.1543, "T", "SMD", "$1N423", "", "R", 39.37, 55.1, 0, 0, 180],
		[6, "LED5_2", 2220.947, -2792.1543, "T", "SMD", "$1N1013", "", "R", 39.37, 55.1, 0, 0, 180],
		[7, "LED6_1", 2721.35, -2790, "T", "SMD", "$1N423", "", "R", 39.37, 55.1, 0, 0, 180],
		[8, "LED6_2", 2638.65, -2790, "T", "SMD", "$1N976", "", "R", 39.37, 55.1, 0, 0, 180],
		[9, "R1_1", 3090.34, -2525, "T", "SMD", "GND", "GND", "R", 31.751, 34.016, 0, 0, 0],
		[10, "R1_2", 3149.66, -2525, "T", "SMD", "$1N551", "", "R", 31.751, 34.016, 0, 0, 0],
		[11, "R2_1", 2640.34, -2520, "T", "SMD", "GND", "GND", "R", 31.751, 34.016, 0, 0, 0],
		[12, "R2_2", 2699.66, -2520, "T", "SMD", "$1N1013", "", "R", 31.751, 34.016, 0, 0, 0],
		[13, "R3_1", 2197.871, -2519.8553, "T", "SMD", "GND", "GND", "R", 31.751, 34.016, 0, 0, 0],
		[14, "R3_2", 2257.191, -2519.8553, "T", "SMD", "$1N976", "", "R", 31.751, 34.016, 0, 0, 0],
		[15, "U1_1", 2680.32, -2095.59, "T", "SMD", "$1N436", "", "R", 19.685, 11.024, 0, 0, 90],
		[16, "U1_2", 2700, -2095.59, "T", "SMD", "GND", "GND", "R", 19.685, 11.024, 0, 0, 90],
		[17, "U1_3", 2719.68, -2095.59, "T", "SMD", "NET_1", "", "R", 19.685, 11.024, 0, 0, 90],
		[18, "U1_4", 2723.62, -2070, "T", "SMD", "NET_2", "", "R", 17.717, 11.811, 0, 0, 180],
		[19, "U1_5", 2719.69, -2044.41, "T", "SMD", "NET_3", "", "R", 19.685, 11.024, 0, 0, 90],
		[20, "U1_6", 2700, -2044.41, "T", "SMD", "$1N423", "", "R", 19.685, 11.024, 0, 0, 90],
		[21, "U1_7", 2680.32, -2044.41, "T", "SMD", "$1N423", "", "R", 19.685, 11.024, 0, 0, 90],
		[22, "U1_8", 2676.38, -2070, "T", "SMD", "$1N444", "", "R", 17.717, 11.811, 0, 0, 180],
		[23, "U2_P$1", 2630, -2945, "T", "SMD", "$1N444", "", "R", 29.5276, 11.811, 0, 0, 90],
		[24, "U2_P$2", 2680, -3095, "T", "DIP", "$1N436", "", "C", 31.811, 31.811, 11.811, 11.811, 360],
		[25, "U2_P$2", 2680, -3095, "B", "DIP", "$1N436", "", "C", 31.811, 31.811, 11.811, 11.811, 360],
		[26, "PAD1_2", 2707.56, -2285, "T", "SMD", "$1N423", "", "R", 31.496, 35.433, 0, 0, 0],
		[27, "PAD2_1", 2652.44, -2285, "T", "SMD", "GND", "GND", "R", 31.496, 35.433, 0, 0, 0],
		[28, "PAD3_2", 3078.65, -2785, "T", "SMD", "$1N551", "", "R", 39.37, 55.1, 0, 0, 180],
		[29, "PAD4_1", 3161.35, -2785, "T", "SMD", "$1N423", "", "R", 39.37, 55.1, 0, 0, 180],
		[30, "PAD5_2", 3149.66, -2525, "T", "SMD", "$1N551", "", "R", 31.751, 34.016, 0, 0, 0],
		[31, "PAD6_1", 3090.34, -2525, "T", "SMD", "GND", "GND", "R", 31.751, 34.016, 0, 0, 0],
		[32, "PAD7_8", 2676.38, -2070, "T", "SMD", "$1N444", "", "R", 17.717, 11.811, 0, 0, 180],
		[33, "PAD8_7", 2680.32, -2044.41, "T", "SMD", "$1N423", "", "R", 19.685, 11.024, 0, 0, 90],
		[34, "PAD9_6", 2700, -2044.41, "T", "SMD", "$1N423", "", "R", 19.685, 11.024, 0, 0, 90],
		[35, "PAD10_2", 2700, -2095.59, "T", "SMD", "GND", "GND", "R", 19.685, 11.024, 0, 0, 90],
		[36, "PAD11_1", 2680.32, -2095.59, "T", "SMD", "$1N436", "", "R", 19.685, 11.024, 0, 0, 90],
		[37, "PAD12_P$1", 2630, -2945, "T", "SMD", "$1N444", "", "R", 29.5276, 11.811, 0, 0, 90],
		[38, "PAD13_P$2", 2680, -3095, "T", "DIP", "$1N436", "", "C", 31.811, 31.811, 11.811, 11.811, 360],
		[39, "PAD13_P$2", 2680, -3095, "B", "DIP", "$1N436", "", "C", 31.811, 31.811, 11.811, 11.811, 360],
		[40, "PAD14_2", 2220.947, -2792.1543, "T", "SMD", "$1N1013", "", "R", 39.37, 55.1, 0, 0, 180],
		[41, "PAD15_1", 2303.647, -2792.1543, "T", "SMD", "$1N423", "", "R", 39.37, 55.1, 0, 0, 180],
		[42, "PAD16_2", 2638.65, -2790, "T", "SMD", "$1N976", "", "R", 39.37, 55.1, 0, 0, 180],
		[43, "PAD17_1", 2721.35, -2790, "T", "SMD", "$1N423", "", "R", 39.37, 55.1, 0, 0, 180],
		[44, "PAD18_2", 2699.66, -2520, "T", "SMD", "$1N1013", "", "R", 31.751, 34.016, 0, 0, 0],
		[45, "PAD19_1", 2640.34, -2520, "T", "SMD", "GND", "GND", "R", 31.751, 34.016, 0, 0, 0],
		[46, "PAD20_2", 2257.191, -2519.8553, "T", "SMD", "$1N976", "", "R", 31.751, 34.016, 0, 0, 0],
		[47, "PAD21_1", 2197.871, -2519.8553, "T", "SMD", "GND", "GND", "R", 31.751, 34.016, 0, 0, 0]
	]
}
}